/*
--会员卡
DELETE [MEMBER_CARD]
--业务类型包含的价格因素
DELETE [BUSINESS_TYPE_PRICE_FACTOR]
--加工内容
DELETE [PROCESS_CONTENT]
--用户类型
DELETE [CUSTOMER_TYPE]
--用户级别
DELETE [CUSTOMER_LEVEL]
--会员卡级别
DELETE [MEMBER_CARD_LEVEL]
--机器类型
DELETE [MACHINE_TYPE]
--纸型
DELETE [PAPER_SPECIFICATION]
--纸质
DELETE [PAPER_TYPE]
--因素之间的依赖关系的值 
DELETE [FACTOR_RELATION_VALUES]
--因素之间的关系
DELETE [FACTOR_RELATION]
--因素值
DELETE [FACTOR_VALUE]
--价格因素
DELETE [PRICE_FACTOR]
--业务类型
DELETE [BUSINESS_TYPE]
*/

--业务类型
INSERT [BUSINESS_TYPE] ([ID],[NAME],[NEED_RECORD_MACHINE],[INSERT_DATE_TIME],[INSERT_USER],[VERSION],[DELETED],[COMPANY_ID],[BRANCH_SHOP_ID]) VALUES ( 1,'打印','Y','2007-8-12 0:00:00',1,1,0,1,1)
INSERT [BUSINESS_TYPE] ([ID],[NAME],[NEED_RECORD_MACHINE],[INSERT_DATE_TIME],[INSERT_USER],[VERSION],[DELETED],[COMPANY_ID],[BRANCH_SHOP_ID]) VALUES ( 2,'扫描','Y','2007-8-12 0:00:00',1,1,0,1,1)
INSERT [BUSINESS_TYPE] ([ID],[NAME],[NEED_RECORD_MACHINE],[INSERT_DATE_TIME],[INSERT_USER],[VERSION],[DELETED],[COMPANY_ID],[BRANCH_SHOP_ID]) VALUES ( 3,'装订','Y','2007-8-12 0:00:00',1,1,0,1,1)
INSERT [BUSINESS_TYPE] ([ID],[NAME],[NEED_RECORD_MACHINE],[INSERT_DATE_TIME],[INSERT_USER],[VERSION],[DELETED],[COMPANY_ID],[BRANCH_SHOP_ID]) VALUES ( 4,'工程图','Y','2007-8-12 0:00:00',1,1,0,1,1)
INSERT [BUSINESS_TYPE] ([ID],[NAME],[NEED_RECORD_MACHINE],[INSERT_DATE_TIME],[INSERT_USER],[VERSION],[DELETED],[COMPANY_ID],[BRANCH_SHOP_ID]) VALUES ( 5,'喷绘图文','Y','2007-8-12 0:00:00',1,1,0,1,1)
INSERT [BUSINESS_TYPE] ([ID],[NAME],[NEED_RECORD_MACHINE],[INSERT_DATE_TIME],[INSERT_USER],[VERSION],[DELETED],[COMPANY_ID],[BRANCH_SHOP_ID]) VALUES ( 6,'个人影象','Y','2007-8-12 0:00:00',1,1,0,1,1)
INSERT [BUSINESS_TYPE] ([ID],[NAME],[NEED_RECORD_MACHINE],[INSERT_DATE_TIME],[INSERT_USER],[VERSION],[DELETED],[COMPANY_ID],[BRANCH_SHOP_ID]) VALUES ( 7,'复印','Y','2007-8-12 0:00:00',1,1,0,1,1)
INSERT [BUSINESS_TYPE] ([ID],[NAME],[NEED_RECORD_MACHINE],[INSERT_DATE_TIME],[INSERT_USER],[VERSION],[DELETED],[COMPANY_ID],[BRANCH_SHOP_ID]) VALUES ( 8,'其他','Y','2007-8-12 0:00:00',1,1,0,1,1)
update id_generator set current_value=9 where flag_no='BUSINESS_TYPE'

--价格因素
INSERT [PRICE_FACTOR] ([ID],[NAME],[DISPLAY_TEXT],[TARGET_TABLE],[TARGET_VALUE_COLUMN],[TARGET_TEXT_COLUMN],[USED],[IS_DISPLAY],[SORT_NO],[INSERT_DATE_TIME],[INSERT_USER],[VERSION],[DELETED],[COMPANY_ID],[BRANCH_SHOP_ID]) VALUES ( 1,'加工内容','加工内容','PROCESS_CONTENT','ID','NAME','Y','Y',1,'2007-9-9 0:00:00',1,1,0,1,1)
INSERT [PRICE_FACTOR] ([ID],[NAME],[DISPLAY_TEXT],[TARGET_TABLE],[TARGET_VALUE_COLUMN],[TARGET_TEXT_COLUMN],[USED],[IS_DISPLAY],[SORT_NO],[INSERT_DATE_TIME],[INSERT_USER],[VERSION],[DELETED],[COMPANY_ID],[BRANCH_SHOP_ID]) VALUES ( 2,'机器型号','机器','MACHINE_TYPE','ID','NAME','Y','Y',1,'2007-9-9 0:00:00',1,1,0,1,1)
INSERT [PRICE_FACTOR] ([ID],[NAME],[DISPLAY_TEXT],[TARGET_TABLE],[TARGET_VALUE_COLUMN],[TARGET_TEXT_COLUMN],[USED],[IS_DISPLAY],[SORT_NO],[INSERT_DATE_TIME],[INSERT_USER],[VERSION],[DELETED],[COMPANY_ID],[BRANCH_SHOP_ID]) VALUES ( 3,'纸质类型','纸质','暂无','ID','NAME','Y','Y',1,'2007-9-9 0:00:00',1,1,0,1,1)
INSERT [PRICE_FACTOR] ([ID],[NAME],[DISPLAY_TEXT],[TARGET_TABLE],[TARGET_VALUE_COLUMN],[TARGET_TEXT_COLUMN],[USED],[IS_DISPLAY],[SORT_NO],[INSERT_DATE_TIME],[INSERT_USER],[VERSION],[DELETED],[COMPANY_ID],[BRANCH_SHOP_ID]) VALUES ( 4,'纸张类型','纸型','暂无','ID','NAME','Y','Y',1,'2007-9-9 0:00:00',1,1,0,1,1)
INSERT [PRICE_FACTOR] ([ID],[NAME],[DISPLAY_TEXT],[TARGET_TABLE],[TARGET_VALUE_COLUMN],[TARGET_TEXT_COLUMN],[USED],[IS_DISPLAY],[SORT_NO],[INSERT_DATE_TIME],[INSERT_USER],[VERSION],[DELETED],[COMPANY_ID],[BRANCH_SHOP_ID]) VALUES ( 5,'数量区间','数量区间','暂无','ID','NAME','Y','Y',1,'2007-9-9 0:00:00',1,1,0,1,1)
INSERT [PRICE_FACTOR] ([ID],[NAME],[DISPLAY_TEXT],[TARGET_TABLE],[TARGET_VALUE_COLUMN],[TARGET_TEXT_COLUMN],[USED],[IS_DISPLAY],[SORT_NO],[INSERT_DATE_TIME],[INSERT_USER],[VERSION],[DELETED],[COMPANY_ID],[BRANCH_SHOP_ID]) VALUES ( 6,'动因1_送货期限','单位','FACTOR_VALUE','VALUE','TEXT','Y','Y',1,'2007-9-9 0:00:00',1,1,0,1,1)
INSERT [PRICE_FACTOR] ([ID],[NAME],[DISPLAY_TEXT],[TARGET_TABLE],[TARGET_VALUE_COLUMN],[TARGET_TEXT_COLUMN],[USED],[IS_DISPLAY],[SORT_NO],[INSERT_DATE_TIME],[INSERT_USER],[VERSION],[DELETED],[COMPANY_ID],[BRANCH_SHOP_ID]) VALUES ( 7,'动因1_服务质量','动态因素2','FACTOR_VALUE','VALUE','TEXT','Y','Y',1,'2007-9-9 0:00:00',1,1,0,1,1)
INSERT [PRICE_FACTOR] ([ID],[NAME],[DISPLAY_TEXT],[TARGET_TABLE],[TARGET_VALUE_COLUMN],[TARGET_TEXT_COLUMN],[USED],[IS_DISPLAY],[SORT_NO],[INSERT_DATE_TIME],[INSERT_USER],[VERSION],[DELETED],[COMPANY_ID],[BRANCH_SHOP_ID]) VALUES ( 8,'动因1_紧急程度','动态因素3','FACTOR_VALUE','VALUE','TEXT','Y','Y',1,'2007-9-9 0:00:00',1,1,0,1,1)
update id_generator set current_value=9 where flag_no='PRICE_FACTOR'

--因素值
INSERT [FACTOR_VALUE] ([ID],[PRICE_FACTOR_ID],[VALUE],[TEXT],[SORT_NO],[INSERT_DATE_TIME],[INSERT_USER],[VERSION],[DELETED],[COMPANY_ID],[BRANCH_SHOP_ID]) VALUES ( 1,6,'0001','24小时内送货',1,'2007-9-7 0:00:00',1,1,0,1,1)
INSERT [FACTOR_VALUE] ([ID],[PRICE_FACTOR_ID],[VALUE],[TEXT],[SORT_NO],[INSERT_DATE_TIME],[INSERT_USER],[VERSION],[DELETED],[COMPANY_ID],[BRANCH_SHOP_ID]) VALUES ( 2,6,'0002','三日内送货',1,'2007-9-7 0:00:00',1,1,0,1,1)
INSERT [FACTOR_VALUE] ([ID],[PRICE_FACTOR_ID],[VALUE],[TEXT],[SORT_NO],[INSERT_DATE_TIME],[INSERT_USER],[VERSION],[DELETED],[COMPANY_ID],[BRANCH_SHOP_ID]) VALUES ( 3,6,'0003','五日内送货',1,'2007-9-7 0:00:00',1,1,0,1,1)
INSERT [FACTOR_VALUE] ([ID],[PRICE_FACTOR_ID],[VALUE],[TEXT],[SORT_NO],[INSERT_DATE_TIME],[INSERT_USER],[VERSION],[DELETED],[COMPANY_ID],[BRANCH_SHOP_ID]) VALUES ( 4,7,'0001','高档服务',1,'2007-9-7 0:00:00',1,1,0,1,1)
INSERT [FACTOR_VALUE] ([ID],[PRICE_FACTOR_ID],[VALUE],[TEXT],[SORT_NO],[INSERT_DATE_TIME],[INSERT_USER],[VERSION],[DELETED],[COMPANY_ID],[BRANCH_SHOP_ID]) VALUES ( 5,7,'0002','中档服务',1,'2007-9-7 0:00:00',1,1,0,1,1)
INSERT [FACTOR_VALUE] ([ID],[PRICE_FACTOR_ID],[VALUE],[TEXT],[SORT_NO],[INSERT_DATE_TIME],[INSERT_USER],[VERSION],[DELETED],[COMPANY_ID],[BRANCH_SHOP_ID]) VALUES ( 6,8,'0001','普通',1,'2007-9-7 0:00:00',1,1,0,1,1)
INSERT [FACTOR_VALUE] ([ID],[PRICE_FACTOR_ID],[VALUE],[TEXT],[SORT_NO],[INSERT_DATE_TIME],[INSERT_USER],[VERSION],[DELETED],[COMPANY_ID],[BRANCH_SHOP_ID]) VALUES ( 7,8,'0002','紧急',1,'2007-9-7 0:00:00',1,1,0,1,1)
INSERT [FACTOR_VALUE] ([ID],[PRICE_FACTOR_ID],[VALUE],[TEXT],[SORT_NO],[INSERT_DATE_TIME],[INSERT_USER],[VERSION],[DELETED],[COMPANY_ID],[BRANCH_SHOP_ID]) VALUES ( 8,8,'0003','特急',1,'2007-9-7 0:00:00',1,1,0,1,1)
insert [factor_value]
select 9,5,'0001','1-100',1,getdate(),1,getdate(),1,1,0,1,1
union
select 10,5,'0002','101-500',2,getdate(),1,getdate(),1,1,0,1,1
union
select 11,5,'0003','501-1000',3,getdate(),1,getdate(),1,1,0,1,1
union 
select 12,5,'0004','1001以上',4,getdate(),1,getdate(),1,1,0,1,1
update id_generator set current_value=13 where flag_no='factor_value'


--因素之间的关系
INSERT [FACTOR_RELATION] ([ID],[BUSINESS_TYPE_ID],[PRICE_FACTOR_ID],[PRICE_FACTOR_ID2],[MEMO],[INSERT_DATE_TIME],[INSERT_USER],[VERSION],[DELETED],[COMPANY_ID],[BRANCH_SHOP_ID]) VALUES ( 1,1,1,2,'打印业务：机器制约纸型','2007-9-6 0:00:00',1,1,0,1,1)
INSERT [FACTOR_RELATION] ([ID],[BUSINESS_TYPE_ID],[PRICE_FACTOR_ID],[PRICE_FACTOR_ID2],[MEMO],[INSERT_DATE_TIME],[INSERT_USER],[VERSION],[DELETED],[COMPANY_ID],[BRANCH_SHOP_ID]) VALUES ( 2,1,1,3,'打印业务：机器制约纸质','2007-9-6 0:00:00',1,1,0,1,1)
INSERT [FACTOR_RELATION] ([ID],[BUSINESS_TYPE_ID],[PRICE_FACTOR_ID],[PRICE_FACTOR_ID2],[MEMO],[INSERT_DATE_TIME],[INSERT_USER],[VERSION],[DELETED],[COMPANY_ID],[BRANCH_SHOP_ID]) VALUES ( 3,1,2,3,'打印业务：纸型制约纸质','2007-9-6 0:00:00',1,1,0,1,1)
INSERT [FACTOR_RELATION] ([ID],[BUSINESS_TYPE_ID],[PRICE_FACTOR_ID],[PRICE_FACTOR_ID2],[MEMO],[INSERT_DATE_TIME],[INSERT_USER],[VERSION],[DELETED],[COMPANY_ID],[BRANCH_SHOP_ID]) VALUES ( 4,1,1,4,'打印业务：机器制约加工内容','2007-9-6 0:00:00',1,1,0,1,1)
INSERT [FACTOR_RELATION] ([ID],[BUSINESS_TYPE_ID],[PRICE_FACTOR_ID],[PRICE_FACTOR_ID2],[MEMO],[INSERT_DATE_TIME],[INSERT_USER],[VERSION],[DELETED],[COMPANY_ID],[BRANCH_SHOP_ID]) VALUES ( 5,2,1,2,'扫描业务：机器制约纸型','2007-9-6 0:00:00',1,1,0,1,1)
INSERT [FACTOR_RELATION] ([ID],[BUSINESS_TYPE_ID],[PRICE_FACTOR_ID],[PRICE_FACTOR_ID2],[MEMO],[INSERT_DATE_TIME],[INSERT_USER],[VERSION],[DELETED],[COMPANY_ID],[BRANCH_SHOP_ID]) VALUES ( 6,2,1,3,'扫描业务：机器制约纸质','2007-9-6 0:00:00',1,1,0,1,1)
INSERT [FACTOR_RELATION] ([ID],[BUSINESS_TYPE_ID],[PRICE_FACTOR_ID],[PRICE_FACTOR_ID2],[MEMO],[INSERT_DATE_TIME],[INSERT_USER],[VERSION],[DELETED],[COMPANY_ID],[BRANCH_SHOP_ID]) VALUES ( 7,2,2,3,'扫描业务：纸型制约纸质','2007-9-6 0:00:00',1,1,0,1,1)
INSERT [FACTOR_RELATION] ([ID],[BUSINESS_TYPE_ID],[PRICE_FACTOR_ID],[PRICE_FACTOR_ID2],[MEMO],[INSERT_DATE_TIME],[INSERT_USER],[VERSION],[DELETED],[COMPANY_ID],[BRANCH_SHOP_ID]) VALUES ( 8,4,1,2,'工程图：机器制约纸型','2007-9-6 0:00:00',1,1,0,1,1)
INSERT [FACTOR_RELATION] ([ID],[BUSINESS_TYPE_ID],[PRICE_FACTOR_ID],[PRICE_FACTOR_ID2],[MEMO],[INSERT_DATE_TIME],[INSERT_USER],[VERSION],[DELETED],[COMPANY_ID],[BRANCH_SHOP_ID]) VALUES ( 9,4,1,3,'工程图：机器制约纸质','2007-9-6 0:00:00',1,1,0,1,1)
update id_generator set current_value=10 where flag_no='FACTOR_RELATION'

--因素之间的依赖关系的值 
INSERT [FACTOR_RELATION_VALUES] ([ID],[FACTOR_RELATION_ID],[SOURCE_VALUE],[TARGET_VALUE],[INSERT_DATE_TIME],[INSERT_USER],[VERSION],[DELETED],[COMPANY_ID],[BRANCH_SHOP_ID]) VALUES ( 1,1,'0001','0001','2007-9-7 0:00:00',1,1,0,1,1)
INSERT [FACTOR_RELATION_VALUES] ([ID],[FACTOR_RELATION_ID],[SOURCE_VALUE],[TARGET_VALUE],[INSERT_DATE_TIME],[INSERT_USER],[VERSION],[DELETED],[COMPANY_ID],[BRANCH_SHOP_ID]) VALUES ( 2,1,'0001','0002','2007-9-7 0:00:00',1,1,0,1,1)
INSERT [FACTOR_RELATION_VALUES] ([ID],[FACTOR_RELATION_ID],[SOURCE_VALUE],[TARGET_VALUE],[INSERT_DATE_TIME],[INSERT_USER],[VERSION],[DELETED],[COMPANY_ID],[BRANCH_SHOP_ID]) VALUES ( 3,1,'0001','0003','2007-9-7 0:00:00',1,1,0,1,1)
INSERT [FACTOR_RELATION_VALUES] ([ID],[FACTOR_RELATION_ID],[SOURCE_VALUE],[TARGET_VALUE],[INSERT_DATE_TIME],[INSERT_USER],[VERSION],[DELETED],[COMPANY_ID],[BRANCH_SHOP_ID]) VALUES ( 4,1,'0002','0001','2007-9-7 0:00:00',1,1,0,1,1)
INSERT [FACTOR_RELATION_VALUES] ([ID],[FACTOR_RELATION_ID],[SOURCE_VALUE],[TARGET_VALUE],[INSERT_DATE_TIME],[INSERT_USER],[VERSION],[DELETED],[COMPANY_ID],[BRANCH_SHOP_ID]) VALUES ( 5,1,'0002','0002','2007-9-7 0:00:00',1,1,0,1,1)
INSERT [FACTOR_RELATION_VALUES] ([ID],[FACTOR_RELATION_ID],[SOURCE_VALUE],[TARGET_VALUE],[INSERT_DATE_TIME],[INSERT_USER],[VERSION],[DELETED],[COMPANY_ID],[BRANCH_SHOP_ID]) VALUES ( 6,1,'0003','0001','2007-9-7 0:00:00',1,1,0,1,1)
INSERT [FACTOR_RELATION_VALUES] ([ID],[FACTOR_RELATION_ID],[SOURCE_VALUE],[TARGET_VALUE],[INSERT_DATE_TIME],[INSERT_USER],[VERSION],[DELETED],[COMPANY_ID],[BRANCH_SHOP_ID]) VALUES ( 7,2,'0001','0003','2007-9-7 0:00:00',1,1,0,1,1)
INSERT [FACTOR_RELATION_VALUES] ([ID],[FACTOR_RELATION_ID],[SOURCE_VALUE],[TARGET_VALUE],[INSERT_DATE_TIME],[INSERT_USER],[VERSION],[DELETED],[COMPANY_ID],[BRANCH_SHOP_ID]) VALUES ( 8,2,'0001','0004','2007-9-7 0:00:00',1,1,0,1,1)
INSERT [FACTOR_RELATION_VALUES] ([ID],[FACTOR_RELATION_ID],[SOURCE_VALUE],[TARGET_VALUE],[INSERT_DATE_TIME],[INSERT_USER],[VERSION],[DELETED],[COMPANY_ID],[BRANCH_SHOP_ID]) VALUES ( 9,2,'0001','0005','2007-9-7 0:00:00',1,1,0,1,1)
INSERT [FACTOR_RELATION_VALUES] ([ID],[FACTOR_RELATION_ID],[SOURCE_VALUE],[TARGET_VALUE],[INSERT_DATE_TIME],[INSERT_USER],[VERSION],[DELETED],[COMPANY_ID],[BRANCH_SHOP_ID]) VALUES ( 10,2,'0002','0003','2007-9-7 0:00:00',1,1,0,1,1)
INSERT [FACTOR_RELATION_VALUES] ([ID],[FACTOR_RELATION_ID],[SOURCE_VALUE],[TARGET_VALUE],[INSERT_DATE_TIME],[INSERT_USER],[VERSION],[DELETED],[COMPANY_ID],[BRANCH_SHOP_ID]) VALUES ( 11,2,'0002','0004','2007-9-7 0:00:00',1,1,0,1,1)
INSERT [FACTOR_RELATION_VALUES] ([ID],[FACTOR_RELATION_ID],[SOURCE_VALUE],[TARGET_VALUE],[INSERT_DATE_TIME],[INSERT_USER],[VERSION],[DELETED],[COMPANY_ID],[BRANCH_SHOP_ID]) VALUES ( 12,3,'0001','0003','2007-9-7 0:00:00',1,1,0,1,1)
INSERT [FACTOR_RELATION_VALUES] ([ID],[FACTOR_RELATION_ID],[SOURCE_VALUE],[TARGET_VALUE],[INSERT_DATE_TIME],[INSERT_USER],[VERSION],[DELETED],[COMPANY_ID],[BRANCH_SHOP_ID]) VALUES ( 13,3,'0001','0004','2007-9-7 0:00:00',1,1,0,1,1)
INSERT [FACTOR_RELATION_VALUES] ([ID],[FACTOR_RELATION_ID],[SOURCE_VALUE],[TARGET_VALUE],[INSERT_DATE_TIME],[INSERT_USER],[VERSION],[DELETED],[COMPANY_ID],[BRANCH_SHOP_ID]) VALUES ( 14,3,'0002','0003','2007-9-7 0:00:00',1,1,0,1,1)
INSERT [FACTOR_RELATION_VALUES] ([ID],[FACTOR_RELATION_ID],[SOURCE_VALUE],[TARGET_VALUE],[INSERT_DATE_TIME],[INSERT_USER],[VERSION],[DELETED],[COMPANY_ID],[BRANCH_SHOP_ID]) VALUES ( 15,3,'0002','0004','2007-9-7 0:00:00',1,1,0,1,1)
INSERT [FACTOR_RELATION_VALUES] ([ID],[FACTOR_RELATION_ID],[SOURCE_VALUE],[TARGET_VALUE],[INSERT_DATE_TIME],[INSERT_USER],[VERSION],[DELETED],[COMPANY_ID],[BRANCH_SHOP_ID]) VALUES ( 16,3,'0003','0005','2007-9-7 0:00:00',1,1,0,1,1)
INSERT [FACTOR_RELATION_VALUES] ([ID],[FACTOR_RELATION_ID],[SOURCE_VALUE],[TARGET_VALUE],[INSERT_DATE_TIME],[INSERT_USER],[VERSION],[DELETED],[COMPANY_ID],[BRANCH_SHOP_ID]) VALUES ( 17,4,'0001','0001','2007-9-7 0:00:00',1,1,0,1,1)
INSERT [FACTOR_RELATION_VALUES] ([ID],[FACTOR_RELATION_ID],[SOURCE_VALUE],[TARGET_VALUE],[INSERT_DATE_TIME],[INSERT_USER],[VERSION],[DELETED],[COMPANY_ID],[BRANCH_SHOP_ID]) VALUES ( 18,4,'0001','0001','2007-9-7 0:00:00',1,1,0,1,1)
INSERT [FACTOR_RELATION_VALUES] ([ID],[FACTOR_RELATION_ID],[SOURCE_VALUE],[TARGET_VALUE],[INSERT_DATE_TIME],[INSERT_USER],[VERSION],[DELETED],[COMPANY_ID],[BRANCH_SHOP_ID]) VALUES ( 19,4,'0002','0001','2007-9-7 0:00:00',1,1,0,1,1)
INSERT [FACTOR_RELATION_VALUES] ([ID],[FACTOR_RELATION_ID],[SOURCE_VALUE],[TARGET_VALUE],[INSERT_DATE_TIME],[INSERT_USER],[VERSION],[DELETED],[COMPANY_ID],[BRANCH_SHOP_ID]) VALUES ( 20,5,'0005','0001','2007-9-7 0:00:00',1,1,0,1,1)
update id_generator set current_value=21 where flag_no='FACTOR_RELATION_VALUES'

--纸质
insert into paper_type (ID, NO, NAME, INSERT_DATE_TIME, INSERT_USER, UPDATE_DATE_TIME, UPDATE_USER, VERSION, DELETED, BRANCH_SHOP_ID, COMPANY_ID) 
values (1, '001', '70g复印纸', '1-1-1 0:0:0', 1, '1-1-1 0:0:0', 1, 1, 0, 1, 1)
insert into paper_type (ID, NO, NAME, INSERT_DATE_TIME, INSERT_USER, UPDATE_DATE_TIME, UPDATE_USER, VERSION, DELETED, BRANCH_SHOP_ID, COMPANY_ID) 
values (2, '002', '80g复印纸', '1-1-1 0:0:0', 1, '1-1-1 0:0:0', 1, 1, 0, 1, 1)
insert into paper_type (ID, NO, NAME, INSERT_DATE_TIME, INSERT_USER, UPDATE_DATE_TIME, UPDATE_USER, VERSION, DELETED, BRANCH_SHOP_ID, COMPANY_ID) 
values (3, '003', '90g彩专纸', '1-1-1 0:0:0', 1, '1-1-1 0:0:0', 1, 1, 0, 1, 1)
insert into paper_type (ID, NO, NAME, INSERT_DATE_TIME, INSERT_USER, UPDATE_DATE_TIME, UPDATE_USER, VERSION, DELETED, BRANCH_SHOP_ID, COMPANY_ID) 
values (4, '004', '120g彩专纸', '1-1-1 0:0:0', 1, '1-1-1 0:0:0', 1, 1, 0, 1, 1)
update id_generator set current_value=5 where flag_no='paper_type'

--纸型
insert into PAPER_SPECIFICATION (ID, NO, NAME, INSERT_DATE_TIME, INSERT_USER, UPDATE_DATE_TIME, UPDATE_USER, VERSION, DELETED, 
BRANCH_SHOP_ID, COMPANY_ID) values (1, '001', 'A0', '1-1-1 0:0:0', 1, '1-1-1 0:0:0', 1, 1, 0, 1, 1)
insert into PAPER_SPECIFICATION (ID, NO, NAME, INSERT_DATE_TIME, INSERT_USER, UPDATE_DATE_TIME, UPDATE_USER, VERSION, DELETED, 
BRANCH_SHOP_ID, COMPANY_ID) values (2, '002', 'A1', '1-1-1 0:0:0', 1, '1-1-1 0:0:0', 1, 1, 0, 1, 1)
insert into PAPER_SPECIFICATION (ID, NO, NAME, INSERT_DATE_TIME, INSERT_USER, UPDATE_DATE_TIME, UPDATE_USER, VERSION, DELETED, 
BRANCH_SHOP_ID, COMPANY_ID) values (3, '003', 'A2', '1-1-1 0:0:0', 1, '1-1-1 0:0:0', 1, 1, 0, 1, 1)
insert into PAPER_SPECIFICATION (ID, NO, NAME, INSERT_DATE_TIME, INSERT_USER, UPDATE_DATE_TIME, UPDATE_USER, VERSION, DELETED, 
BRANCH_SHOP_ID, COMPANY_ID) values (4, '004', 'A3', '1-1-1 0:0:0', 1, '1-1-1 0:0:0', 1, 1, 0, 1, 1)
insert into PAPER_SPECIFICATION (ID, NO, NAME, INSERT_DATE_TIME, INSERT_USER, UPDATE_DATE_TIME, UPDATE_USER, VERSION, DELETED, 
BRANCH_SHOP_ID, COMPANY_ID) values (5, '005', 'A4', '1-1-1 0:0:0', 1, '1-1-1 0:0:0', 1, 1, 0, 1, 1)
update id_generator set current_value=6 where flag_no='PAPER_SPECIFICATION'

--机器类型
INSERT [MACHINE_TYPE] ([ID],[NO],[NAME],[NEED_RECORD_WARCH],[INSERT_DATE_TIME],[INSERT_USER],[VERSION],[DELETED],[COMPANY_ID],[BRANCH_SHOP_ID]) VALUES ( 1,'0001','施乐DC8000','Y','2007-9-6 0:00:00',1,1,0,1,1)
INSERT [MACHINE_TYPE] ([ID],[NO],[NAME],[NEED_RECORD_WARCH],[INSERT_DATE_TIME],[INSERT_USER],[VERSION],[DELETED],[COMPANY_ID],[BRANCH_SHOP_ID]) VALUES ( 2,'0002','施乐DC2060','Y','2007-9-6 0:00:00',1,1,0,1,1)
INSERT [MACHINE_TYPE] ([ID],[NO],[NAME],[NEED_RECORD_WARCH],[INSERT_DATE_TIME],[INSERT_USER],[VERSION],[DELETED],[COMPANY_ID],[BRANCH_SHOP_ID]) VALUES ( 3,'0003','施乐DC1255','Y','2007-9-6 0:00:00',1,1,0,1,1)
INSERT [MACHINE_TYPE] ([ID],[NO],[NAME],[NEED_RECORD_WARCH],[INSERT_DATE_TIME],[INSERT_USER],[VERSION],[DELETED],[COMPANY_ID],[BRANCH_SHOP_ID]) VALUES ( 4,'0004','施乐DC900','Y','2007-9-6 0:00:00',1,1,0,1,1)
INSERT [MACHINE_TYPE] ([ID],[NO],[NAME],[NEED_RECORD_WARCH],[INSERT_DATE_TIME],[INSERT_USER],[VERSION],[DELETED],[COMPANY_ID],[BRANCH_SHOP_ID]) VALUES ( 5,'0005','HP5500','Y','2007-9-6 0:00:00',1,1,0,1,1)
INSERT [MACHINE_TYPE] ([ID],[NO],[NAME],[NEED_RECORD_WARCH],[INSERT_DATE_TIME],[INSERT_USER],[VERSION],[DELETED],[COMPANY_ID],[BRANCH_SHOP_ID]) VALUES ( 6,'0006','EPSON10060','Y','2007-9-6 0:00:00',1,1,0,1,1)
INSERT [MACHINE_TYPE] ([ID],[NO],[NAME],[NEED_RECORD_WARCH],[INSERT_DATE_TIME],[INSERT_USER],[VERSION],[DELETED],[COMPANY_ID],[BRANCH_SHOP_ID]) VALUES ( 7,'0007','KYOCERA 4850','Y','2007-9-6 0:00:00',1,1,0,1,1)
INSERT [MACHINE_TYPE] ([ID],[NO],[NAME],[NEED_RECORD_WARCH],[INSERT_DATE_TIME],[INSERT_USER],[VERSION],[DELETED],[COMPANY_ID],[BRANCH_SHOP_ID]) VALUES ( 8,'0008','KIP 2000','Y','2007-9-6 0:00:00',1,1,0,1,1)
INSERT [MACHINE_TYPE] ([ID],[NO],[NAME],[NEED_RECORD_WARCH],[INSERT_DATE_TIME],[INSERT_USER],[VERSION],[DELETED],[COMPANY_ID],[BRANCH_SHOP_ID]) VALUES ( 9,'0009','RICHO 1045','Y','2007-9-6 0:00:00',1,1,0,1,1)
INSERT [MACHINE_TYPE] ([ID],[NO],[NAME],[NEED_RECORD_WARCH],[INSERT_DATE_TIME],[INSERT_USER],[VERSION],[DELETED],[COMPANY_ID],[BRANCH_SHOP_ID]) VALUES ( 10,'0010','RICHO 1055','Y','2007-9-6 0:00:00',1,1,0,1,1)
INSERT [MACHINE_TYPE] ([ID],[NO],[NAME],[NEED_RECORD_WARCH],[INSERT_DATE_TIME],[INSERT_USER],[VERSION],[DELETED],[COMPANY_ID],[BRANCH_SHOP_ID]) VALUES ( 11,'0011','RICHO 2035','Y','2007-9-6 0:00:00',1,1,0,1,1)
INSERT [MACHINE_TYPE] ([ID],[NO],[NAME],[NEED_RECORD_WARCH],[INSERT_DATE_TIME],[INSERT_USER],[VERSION],[DELETED],[COMPANY_ID],[BRANCH_SHOP_ID]) VALUES ( 12,'0012','KYOCERA 4035','Y','2007-9-6 0:00:00',1,1,0,1,1)
INSERT [MACHINE_TYPE] ([ID],[NO],[NAME],[NEED_RECORD_WARCH],[INSERT_DATE_TIME],[INSERT_USER],[VERSION],[DELETED],[COMPANY_ID],[BRANCH_SHOP_ID]) VALUES ( 13,'0013','KYOCERA 9520','Y','2007-9-6 0:00:00',1,1,0,1,1)
update id_generator set current_value=14 where flag_no='MACHINE_TYPE'


--会员卡级别
INSERT [MEMBER_CARD_LEVEL] ([ID],[NO],[NAME],[INSERT_DATE_TIME],[INSERT_USER],[UPDATE_DATE_TIME],[UPDATE_USER],[VERSION],[DELETED],[COMPANY_ID],[BRANCH_SHOP_ID]) VALUES ( 1,'1','VIP卡','2007-9-10 10:00:00',1,'2007-9-11 10:00:00',1,1,0,1,1)
INSERT [MEMBER_CARD_LEVEL] ([ID],[NO],[NAME],[INSERT_DATE_TIME],[INSERT_USER],[UPDATE_DATE_TIME],[UPDATE_USER],[VERSION],[DELETED],[COMPANY_ID],[BRANCH_SHOP_ID]) VALUES ( 2,'2','金卡','2007-9-25 0:00:00',1,'2007-9-12 0:00:00',1,1,0,1,1)
INSERT [MEMBER_CARD_LEVEL] ([ID],[NO],[NAME],[INSERT_DATE_TIME],[INSERT_USER],[UPDATE_DATE_TIME],[UPDATE_USER],[VERSION],[DELETED],[COMPANY_ID],[BRANCH_SHOP_ID]) VALUES ( 3,'3','银卡','2007-9-25 0:00:00',1,'2007-9-12 0:00:00',1,1,0,1,1)
INSERT [MEMBER_CARD_LEVEL] ([ID],[NO],[NAME],[INSERT_DATE_TIME],[INSERT_USER],[UPDATE_DATE_TIME],[UPDATE_USER],[VERSION],[DELETED],[COMPANY_ID],[BRANCH_SHOP_ID]) VALUES ( 4,'4','铜卡','2007-9-25 0:00:00',1,'2007-9-12 0:00:00',1,1,0,1,1)
INSERT [MEMBER_CARD_LEVEL] ([ID],[NO],[NAME],[INSERT_DATE_TIME],[INSERT_USER],[UPDATE_DATE_TIME],[UPDATE_USER],[VERSION],[DELETED],[COMPANY_ID],[BRANCH_SHOP_ID]) VALUES ( 5,'5','铁卡','2007-9-25 0:00:00',1,'2007-9-12 0:00:00',1,1,0,1,1)
INSERT [MEMBER_CARD_LEVEL] ([ID],[NO],[NAME],[INSERT_DATE_TIME],[INSERT_USER],[UPDATE_DATE_TIME],[UPDATE_USER],[VERSION],[DELETED],[COMPANY_ID],[BRANCH_SHOP_ID]) VALUES ( 0,'6','塑料卡','2007-9-25 0:00:00',1,'2007-9-12 0:00:00',1,1,0,1,1)
update id_generator set current_value=7 where flag_no='MEMBER_CARD_LEVEL'
--用户级别
insert into CUSTOMER_LEVEL (ID, NO, NAME, SORT_NO, INSERT_DATE_TIME, INSERT_USER, UPDATE_DATE_TIME, UPDATE_USER, DELETED, VERSION, BRANCH_SHOP_ID, COMPANY_ID) values (0, 'R99O5X3LYYF8 BSUTFR0IEG 1SKTDKD8SUHYLKK8HWL9VRN8JX', 'Y1M4GRMY09DLXGH6DQ6IYOINHN86ROSRQYGJRH 463FX8BK92P', 0, '1-1-1 0:0:0', 0, '1-1-1 0:0:0', 0, 0, 0, 1, 1)
update id_generator set current_value=1 where flag_no='CUSTOMER_LEVEL'

--用户类型
insert into CUSTOMER_TYPE (ID, NO, NAME, SORT_NO, INSERT_DATE_TIME, INSERT_USER, UPDATE_DATE_TIME, UPDATE_USER, VERSION, DELETED, BRANCH_SHOP_ID, COMPANY_ID) values (0, '6AOM7ER8G7BUMYA0XDF MM77O4XNSQPGRP5O32BQ4657LLMLDB', 'TW4QIB W758C087YVM DWCN2QP9VPTG C7S4HS 727ORA6BST ', 0, '1-1-1 0:0:0', 0, '1-1-1 0:0:0', 0, 0, 0, 1, 1)
update id_generator set current_value=1 where flag_no='CUSTOMER_TYPE'
--加工内容
INSERT [PROCESS_CONTENT] ([ID],[NO],[NAME],[COLOR_TYPE],[INSERT_DATE_TIME],[INSERT_USER],[VERSION],[DELETED],[BRANCH_SHOP_ID],[COMPANY_ID]) VALUES ( 1,'0001','彩色打印','1','2007-9-6 0:00:00',1,1,0,1,1)
INSERT [PROCESS_CONTENT] ([ID],[NO],[NAME],[COLOR_TYPE],[INSERT_DATE_TIME],[INSERT_USER],[VERSION],[DELETED],[BRANCH_SHOP_ID],[COMPANY_ID]) VALUES ( 2,'0002','黑白打印','0','2007-9-6 0:00:00',1,1,0,1,1)
INSERT [PROCESS_CONTENT] ([ID],[NO],[NAME],[COLOR_TYPE],[INSERT_DATE_TIME],[INSERT_USER],[VERSION],[DELETED],[BRANCH_SHOP_ID],[COMPANY_ID]) VALUES ( 3,'0003','彩色扫描','1','2007-9-6 0:00:00',1,1,0,1,1)
INSERT [PROCESS_CONTENT] ([ID],[NO],[NAME],[COLOR_TYPE],[INSERT_DATE_TIME],[INSERT_USER],[VERSION],[DELETED],[BRANCH_SHOP_ID],[COMPANY_ID]) VALUES ( 4,'0004','黑白扫描','0','2007-9-6 0:00:00',1,1,0,1,1)
INSERT [PROCESS_CONTENT] ([ID],[NO],[NAME],[COLOR_TYPE],[INSERT_DATE_TIME],[INSERT_USER],[VERSION],[DELETED],[BRANCH_SHOP_ID],[COMPANY_ID]) VALUES ( 5,'0005','铁圈简装','2','2007-9-6 0:00:00',1,1,0,1,1)
INSERT [PROCESS_CONTENT] ([ID],[NO],[NAME],[COLOR_TYPE],[INSERT_DATE_TIME],[INSERT_USER],[VERSION],[DELETED],[BRANCH_SHOP_ID],[COMPANY_ID]) VALUES ( 6,'0006','夹条简装','2','2007-9-6 0:00:00',1,1,0,1,1)
INSERT [PROCESS_CONTENT] ([ID],[NO],[NAME],[COLOR_TYPE],[INSERT_DATE_TIME],[INSERT_USER],[VERSION],[DELETED],[BRANCH_SHOP_ID],[COMPANY_ID]) VALUES ( 7,'0007','骑马钉','2','2007-9-6 0:00:00',1,1,0,1,1)
INSERT [PROCESS_CONTENT] ([ID],[NO],[NAME],[COLOR_TYPE],[INSERT_DATE_TIME],[INSERT_USER],[VERSION],[DELETED],[BRANCH_SHOP_ID],[COMPANY_ID]) VALUES ( 8,'0008','皮纹纸胶装','2','2007-9-6 0:00:00',1,1,0,1,1)
INSERT [PROCESS_CONTENT] ([ID],[NO],[NAME],[COLOR_TYPE],[INSERT_DATE_TIME],[INSERT_USER],[VERSION],[DELETED],[BRANCH_SHOP_ID],[COMPANY_ID]) VALUES ( 9,'0009','激光皮胶装','2','2007-9-6 0:00:00',1,1,0,1,1)
INSERT [PROCESS_CONTENT] ([ID],[NO],[NAME],[COLOR_TYPE],[INSERT_DATE_TIME],[INSERT_USER],[VERSION],[DELETED],[BRANCH_SHOP_ID],[COMPANY_ID]) VALUES ( 10,'0010','激光皮胶装','2','2007-9-6 0:00:00',1,1,0,1,1)
INSERT [PROCESS_CONTENT] ([ID],[NO],[NAME],[COLOR_TYPE],[INSERT_DATE_TIME],[INSERT_USER],[VERSION],[DELETED],[BRANCH_SHOP_ID],[COMPANY_ID]) VALUES ( 11,'0011','背胶皮胶装','2','2007-9-6 0:00:00',1,1,0,1,1)
INSERT [PROCESS_CONTENT] ([ID],[NO],[NAME],[COLOR_TYPE],[INSERT_DATE_TIME],[INSERT_USER],[VERSION],[DELETED],[BRANCH_SHOP_ID],[COMPANY_ID]) VALUES ( 12,'0012','胶装精装','2','2007-9-6 0:00:00',1,1,0,1,1)
INSERT [PROCESS_CONTENT] ([ID],[NO],[NAME],[COLOR_TYPE],[INSERT_DATE_TIME],[INSERT_USER],[VERSION],[DELETED],[BRANCH_SHOP_ID],[COMPANY_ID]) VALUES ( 13,'0013','内铁环精装','2','2007-9-6 0:00:00',1,1,0,1,1)
INSERT [PROCESS_CONTENT] ([ID],[NO],[NAME],[COLOR_TYPE],[INSERT_DATE_TIME],[INSERT_USER],[VERSION],[DELETED],[BRANCH_SHOP_ID],[COMPANY_ID]) VALUES ( 14,'0014','外铁环精装','2','2007-9-6 0:00:00',1,1,0,1,1)
INSERT [PROCESS_CONTENT] ([ID],[NO],[NAME],[COLOR_TYPE],[INSERT_DATE_TIME],[INSERT_USER],[VERSION],[DELETED],[BRANCH_SHOP_ID],[COMPANY_ID]) VALUES ( 15,'0015','蝴蝶装精装','2','2007-9-6 0:00:00',1,1,0,1,1)
INSERT [PROCESS_CONTENT] ([ID],[NO],[NAME],[COLOR_TYPE],[INSERT_DATE_TIME],[INSERT_USER],[VERSION],[DELETED],[BRANCH_SHOP_ID],[COMPANY_ID]) VALUES ( 16,'0016','胶装','2','2007-9-6 0:00:00',1,1,0,1,1)
INSERT [PROCESS_CONTENT] ([ID],[NO],[NAME],[COLOR_TYPE],[INSERT_DATE_TIME],[INSERT_USER],[VERSION],[DELETED],[BRANCH_SHOP_ID],[COMPANY_ID]) VALUES ( 17,'0017','黑白线条','2','2007-9-6 0:00:00',1,1,0,1,1)
INSERT [PROCESS_CONTENT] ([ID],[NO],[NAME],[COLOR_TYPE],[INSERT_DATE_TIME],[INSERT_USER],[VERSION],[DELETED],[BRANCH_SHOP_ID],[COMPANY_ID]) VALUES ( 18,'0018','黑白色块','2','2007-9-6 0:00:00',1,1,0,1,1)
INSERT [PROCESS_CONTENT] ([ID],[NO],[NAME],[COLOR_TYPE],[INSERT_DATE_TIME],[INSERT_USER],[VERSION],[DELETED],[BRANCH_SHOP_ID],[COMPANY_ID]) VALUES ( 19,'0019','晒图','2','2007-9-6 0:00:00',1,1,0,1,1)
INSERT [PROCESS_CONTENT] ([ID],[NO],[NAME],[COLOR_TYPE],[INSERT_DATE_TIME],[INSERT_USER],[VERSION],[DELETED],[BRANCH_SHOP_ID],[COMPANY_ID]) VALUES ( 20,'0020','效果图','2','2007-9-6 0:00:00',1,1,0,1,1)
INSERT [PROCESS_CONTENT] ([ID],[NO],[NAME],[COLOR_TYPE],[INSERT_DATE_TIME],[INSERT_USER],[VERSION],[DELETED],[BRANCH_SHOP_ID],[COMPANY_ID]) VALUES ( 21,'0021','彩色线条','2','2007-9-6 0:00:00',1,1,0,1,1)
INSERT [PROCESS_CONTENT] ([ID],[NO],[NAME],[COLOR_TYPE],[INSERT_DATE_TIME],[INSERT_USER],[VERSION],[DELETED],[BRANCH_SHOP_ID],[COMPANY_ID]) VALUES ( 22,'0022','画册蝴蝶装','2','2007-9-6 0:00:00',1,1,0,1,1)
INSERT [PROCESS_CONTENT] ([ID],[NO],[NAME],[COLOR_TYPE],[INSERT_DATE_TIME],[INSERT_USER],[VERSION],[DELETED],[BRANCH_SHOP_ID],[COMPANY_ID]) VALUES ( 23,'0023','画册胶装','2','2007-9-6 0:00:00',1,1,0,1,1)
INSERT [PROCESS_CONTENT] ([ID],[NO],[NAME],[COLOR_TYPE],[INSERT_DATE_TIME],[INSERT_USER],[VERSION],[DELETED],[BRANCH_SHOP_ID],[COMPANY_ID]) VALUES ( 24,'0024','画册铁环装','2','2007-9-6 0:00:00',1,1,0,1,1)
INSERT [PROCESS_CONTENT] ([ID],[NO],[NAME],[COLOR_TYPE],[INSERT_DATE_TIME],[INSERT_USER],[VERSION],[DELETED],[BRANCH_SHOP_ID],[COMPANY_ID]) VALUES ( 25,'0025','台历','2','2007-9-6 0:00:00',1,1,0,1,1)
INSERT [PROCESS_CONTENT] ([ID],[NO],[NAME],[COLOR_TYPE],[INSERT_DATE_TIME],[INSERT_USER],[VERSION],[DELETED],[BRANCH_SHOP_ID],[COMPANY_ID]) VALUES ( 26,'0026','挂历','2','2007-9-6 0:00:00',1,1,0,1,1)
INSERT [PROCESS_CONTENT] ([ID],[NO],[NAME],[COLOR_TYPE],[INSERT_DATE_TIME],[INSERT_USER],[VERSION],[DELETED],[BRANCH_SHOP_ID],[COMPANY_ID]) VALUES ( 27,'0027','贺卡','2','2007-9-6 0:00:00',1,1,0,1,1)
INSERT [PROCESS_CONTENT] ([ID],[NO],[NAME],[COLOR_TYPE],[INSERT_DATE_TIME],[INSERT_USER],[VERSION],[DELETED],[BRANCH_SHOP_ID],[COMPANY_ID]) VALUES ( 28,'0028','刻光盘','2','2007-9-6 0:00:00',1,1,0,1,1)
INSERT [PROCESS_CONTENT] ([ID],[NO],[NAME],[COLOR_TYPE],[INSERT_DATE_TIME],[INSERT_USER],[VERSION],[DELETED],[BRANCH_SHOP_ID],[COMPANY_ID]) VALUES ( 29,'0029','折图','2','2007-9-6 0:00:00',1,1,0,1,1)
INSERT [PROCESS_CONTENT] ([ID],[NO],[NAME],[COLOR_TYPE],[INSERT_DATE_TIME],[INSERT_USER],[VERSION],[DELETED],[BRANCH_SHOP_ID],[COMPANY_ID]) VALUES ( 30,'0030','拼版','2','2007-9-6 0:00:00',1,1,0,1,1)
INSERT [PROCESS_CONTENT] ([ID],[NO],[NAME],[COLOR_TYPE],[INSERT_DATE_TIME],[INSERT_USER],[VERSION],[DELETED],[BRANCH_SHOP_ID],[COMPANY_ID]) VALUES ( 31,'0031','单面名片','2','2007-9-6 0:00:00',1,1,0,1,1)
INSERT [PROCESS_CONTENT] ([ID],[NO],[NAME],[COLOR_TYPE],[INSERT_DATE_TIME],[INSERT_USER],[VERSION],[DELETED],[BRANCH_SHOP_ID],[COMPANY_ID]) VALUES ( 32,'0032','双面名片','2','2007-9-6 0:00:00',1,1,0,1,1)
INSERT [PROCESS_CONTENT] ([ID],[NO],[NAME],[COLOR_TYPE],[INSERT_DATE_TIME],[INSERT_USER],[VERSION],[DELETED],[BRANCH_SHOP_ID],[COMPANY_ID]) VALUES ( 33,'0033','裱白卡','2','2007-9-6 0:00:00',1,1,0,1,1)
INSERT [PROCESS_CONTENT] ([ID],[NO],[NAME],[COLOR_TYPE],[INSERT_DATE_TIME],[INSERT_USER],[VERSION],[DELETED],[BRANCH_SHOP_ID],[COMPANY_ID]) VALUES ( 34,'0034','裱板','2','2007-9-6 0:00:00',1,1,0,1,1)
INSERT [PROCESS_CONTENT] ([ID],[NO],[NAME],[COLOR_TYPE],[INSERT_DATE_TIME],[INSERT_USER],[VERSION],[DELETED],[BRANCH_SHOP_ID],[COMPANY_ID]) VALUES ( 35,'0035','其它','2','2007-9-6 0:00:00',1,1,0,1,1)
update id_generator set current_value=36 where flag_no='PROCESS_CONTENT'

--业务类型包含的价格因素
INSERT [BUSINESS_TYPE_PRICE_FACTOR] ([ID],[BUSINESS_TYPE_ID],[PRICE_FACTOR_ID],[SORT_NO]) VALUES ( 1,1,1,1)
INSERT [BUSINESS_TYPE_PRICE_FACTOR] ([ID],[BUSINESS_TYPE_ID],[PRICE_FACTOR_ID],[SORT_NO]) VALUES ( 2,1,2,2)
INSERT [BUSINESS_TYPE_PRICE_FACTOR] ([ID],[BUSINESS_TYPE_ID],[PRICE_FACTOR_ID],[SORT_NO]) VALUES ( 3,1,3,3)
INSERT [BUSINESS_TYPE_PRICE_FACTOR] ([ID],[BUSINESS_TYPE_ID],[PRICE_FACTOR_ID],[SORT_NO]) VALUES ( 4,1,4,4)
INSERT [BUSINESS_TYPE_PRICE_FACTOR] ([ID],[BUSINESS_TYPE_ID],[PRICE_FACTOR_ID],[SORT_NO]) VALUES ( 5,1,5,5)
INSERT [BUSINESS_TYPE_PRICE_FACTOR] ([ID],[BUSINESS_TYPE_ID],[PRICE_FACTOR_ID],[SORT_NO]) VALUES ( 6,1,6,6)
INSERT [BUSINESS_TYPE_PRICE_FACTOR] ([ID],[BUSINESS_TYPE_ID],[PRICE_FACTOR_ID],[SORT_NO]) VALUES ( 7,2,1,1)
INSERT [BUSINESS_TYPE_PRICE_FACTOR] ([ID],[BUSINESS_TYPE_ID],[PRICE_FACTOR_ID],[SORT_NO]) VALUES ( 8,2,4,2)
INSERT [BUSINESS_TYPE_PRICE_FACTOR] ([ID],[BUSINESS_TYPE_ID],[PRICE_FACTOR_ID],[SORT_NO]) VALUES ( 9,3,4,1)
INSERT [BUSINESS_TYPE_PRICE_FACTOR] ([ID],[BUSINESS_TYPE_ID],[PRICE_FACTOR_ID],[SORT_NO]) VALUES ( 10,3,5,2)
INSERT [BUSINESS_TYPE_PRICE_FACTOR] ([ID],[BUSINESS_TYPE_ID],[PRICE_FACTOR_ID],[SORT_NO]) VALUES ( 11,4,1,1)
INSERT [BUSINESS_TYPE_PRICE_FACTOR] ([ID],[BUSINESS_TYPE_ID],[PRICE_FACTOR_ID],[SORT_NO]) VALUES ( 12,4,4,2)
update id_generator set current_value=13 where flag_no='BUSINESS_TYPE_PRICE_FACTOR'

--客户

insert into CUSTOMER
select 0,1,1,1,'系统','XT','','系统','',0,'',0,1,getdate(),1,getdate(),0,1,'F',1,0,0
update id_generator set current_value=1 where flag_no='CUSTOMER'
--会员卡
insert into MEMBER_CARD (ID, CUSTOMER_ID, MEMBER_CARD_LEVEL_ID, MEMBER_CARD_NO, NAME, AGE, EMAIL, HOBBY, MOBILE_NO, POSITION, SEX, MEMBER_STATE, IDENTITY_CARD_NO, PASSWORD, MEMBER_CARD_BEGIN_DATE, MEMBER_CARD_END_DATE, NEED_TICKET, CONSUME_AMOUNT, INTEGRAl, INSERT_DATE_TIME, INSERT_USER, UPDATE_DATE_TIME, UPDATE_USER, VERSION, DELETED, COMPANY_ID, BRANCH_SHOP_ID) values (0, 0, 0, '', '', 0, '', '', '', '', ' ', ' ', '', '', '1-1-1 0:0:0', '1-1-1 0:0:0', ' ', 0, 0, '1-1-1 0:0:0', 0, '1-1-1 0:0:0', 0, 0, ' ', 0, 0)
update id_generator set current_value=1 where flag_no='MEMBER_CARD'
--机器
insert into MACHINE (ID, MACHINE_TYPE_ID, NO, NAME, INSERT_DATE_TIME, INSERT_USER, UPDATE_DATE_TIME, UPDATE_USER, VERSION, DELETED, COMPANY_ID, BRANCH_SHOP_ID)
values (1, 1, '001', '公司1号DC8000', '1-1-1 0:0:0', 1, '1-1-1 0:0:0', 1, 1, 0, 1, 1)	
insert into MACHINE (ID, MACHINE_TYPE_ID, NO, NAME, INSERT_DATE_TIME, INSERT_USER, UPDATE_DATE_TIME, UPDATE_USER, VERSION, DELETED, COMPANY_ID, BRANCH_SHOP_ID)
values (2, 2, '002', '公司2号DC2060', '1-1-1 0:0:0', 1, '1-1-1 0:0:0', 1, 1, 0, 1, 1)
insert into MACHINE (ID, MACHINE_TYPE_ID, NO, NAME, INSERT_DATE_TIME, INSERT_USER, UPDATE_DATE_TIME, UPDATE_USER, VERSION, DELETED, COMPANY_ID, BRANCH_SHOP_ID)
values (3, 3, '003', '公司3号DC1255', '1-1-1 0:0:0', 1, '1-1-1 0:0:0', 1, 1, 0, 1, 1)
insert into MACHINE (ID, MACHINE_TYPE_ID, NO, NAME, INSERT_DATE_TIME, INSERT_USER, UPDATE_DATE_TIME, UPDATE_USER, VERSION, DELETED, COMPANY_ID, BRANCH_SHOP_ID)
values (4, 4, '004', '公司4号DC900', '1-1-1 0:0:0', 1, '1-1-1 0:0:0', 1, 1, 0, 1, 1)
update id_generator set current_value=5 where flag_no='MACHINE'

--单位
insert into UNIT (ID, NO, NAME, INSERT_DATE_TIME, INSERT_USER, UPDATE_DATE_TIME, UPDATE_USER, VERSION, DELETED, BRANCH_SHOP_ID, COMPANY_ID)
valueS (1, '001', '个', '1-1-1 0:0:0', 1, '1-1-1 0:0:0', 1, 1, 0, 1, 1)
insert into UNIT (ID, NO, NAME, INSERT_DATE_TIME, INSERT_USER, UPDATE_DATE_TIME, UPDATE_USER, VERSION, DELETED, BRANCH_SHOP_ID, COMPANY_ID)
valueS (2, '002', '每平米', '1-1-1 0:0:0', 1, '1-1-1 0:0:0', 1, 1, 0, 1, 1)
insert into UNIT (ID, NO, NAME, INSERT_DATE_TIME, INSERT_USER, UPDATE_DATE_TIME, UPDATE_USER, VERSION, DELETED, BRANCH_SHOP_ID, COMPANY_ID)
valueS (3, '003', '每平方', '1-1-1 0:0:0', 1, '1-1-1 0:0:0', 1, 1, 0, 1, 1)
insert into UNIT (ID, NO, NAME, INSERT_DATE_TIME, INSERT_USER, UPDATE_DATE_TIME, UPDATE_USER, VERSION, DELETED, BRANCH_SHOP_ID, COMPANY_ID)
valueS (4, '004', '盒', '1-1-1 0:0:0', 1, '1-1-1 0:0:0', 1, 1, 0, 1, 1)
update id_generator set current_value=5 where flag_no='UNIT'

--打印要求主表
insert into PRINT_DEMAND (ID, NAME, MEMO, SORT_NO, INSERT_DATE_TIME, INSERT_USER, UPDATE_DATE_TIME, UPDATE_USER, VERSION, DELETED, BRANCH_SHOP_ID, COMPANY_ID)
VALUES (1, '打印要求', '提供打印的要求', '1', '1-1-1 0:0:0', 1, '1-1-1 0:0:0', 1, 1, 0, 1, 1)

insert into PRINT_DEMAND (ID, NAME, MEMO, SORT_NO, INSERT_DATE_TIME, INSERT_USER, UPDATE_DATE_TIME, UPDATE_USER, VERSION, DELETED, BRANCH_SHOP_ID, COMPANY_ID)
values(2, '制作工艺', '制作工艺', 1, '1-1-1 0:0:0', 1, '1-1-1 0:0:0', 1, 1, 0, 1, 1)
update id_generator set current_value=3 where flag_no='PRINT_DEMAND'

--打印要求明细
insert into PRINT_DEMAND_DETAIL (ID, PRINT_DEMAND_ID, NAME, MEMO, SORT_NO, INSERT_DATE_TIME, INSERT_USER, UPDATE_DATE_TIME, UPDATE_USER, VERSION, DELETED, COMPANY_ID, BRANCH_SHOP_ID)
values(1, 1, '打印要求', '版面', 1, '1-1-1 0:0:0', 1, '1-1-1 0:0:0', 1, 1, 0, 1, 1)
insert into PRINT_DEMAND_DETAIL (ID, PRINT_DEMAND_ID, NAME, MEMO, SORT_NO, INSERT_DATE_TIME, INSERT_USER, UPDATE_DATE_TIME, UPDATE_USER, VERSION, DELETED, COMPANY_ID, BRANCH_SHOP_ID)
values(2, 1,'打印要求', '尺寸', 1, '1-1-1 0:0:0', 1, '1-1-1 0:0:0', 1, 1, 0, 1, 1)
insert into PRINT_DEMAND_DETAIL (ID, PRINT_DEMAND_ID, NAME, MEMO, SORT_NO, INSERT_DATE_TIME, INSERT_USER, UPDATE_DATE_TIME, UPDATE_USER, VERSION, DELETED, COMPANY_ID, BRANCH_SHOP_ID)
values(3, 1,'打印要求', '装订', 1, '1-1-1 0:0:0', 1, '1-1-1 0:0:0', 1, 1, 0, 1, 1)
insert into PRINT_DEMAND_DETAIL (ID, PRINT_DEMAND_ID, NAME, MEMO, SORT_NO, INSERT_DATE_TIME, INSERT_USER, UPDATE_DATE_TIME, UPDATE_USER, VERSION, DELETED, COMPANY_ID, BRANCH_SHOP_ID)
values(4, 2,'附膜', '附膜', 1, '1-1-1 0:0:0', 1, '1-1-1 0:0:0', 1, 1, 0, 1, 1)
insert into PRINT_DEMAND_DETAIL (ID, PRINT_DEMAND_ID, NAME, MEMO, SORT_NO, INSERT_DATE_TIME, INSERT_USER, UPDATE_DATE_TIME, UPDATE_USER, VERSION, DELETED, COMPANY_ID, BRANCH_SHOP_ID)
values(5, 2,'隔页', '隔页', 1, '1-1-1 0:0:0', 1, '1-1-1 0:0:0', 1, 1, 0, 1, 1)
insert into PRINT_DEMAND_DETAIL (ID, PRINT_DEMAND_ID, NAME, MEMO, SORT_NO, INSERT_DATE_TIME, INSERT_USER, UPDATE_DATE_TIME, UPDATE_USER, VERSION, DELETED, COMPANY_ID, BRANCH_SHOP_ID)
values(6, 2,'丝带', '丝带', 1, '1-1-1 0:0:0', 1, '1-1-1 0:0:0', 1, 1, 0, 1, 1)
insert into PRINT_DEMAND_DETAIL (ID, PRINT_DEMAND_ID, NAME, MEMO, SORT_NO, INSERT_DATE_TIME, INSERT_USER, UPDATE_DATE_TIME, UPDATE_USER, VERSION, DELETED, COMPANY_ID, BRANCH_SHOP_ID)
values(7, 2,'裱版', '裱版', 1, '1-1-1 0:0:0', 1, '1-1-1 0:0:0', 1, 1, 0, 1, 1)
insert into PRINT_DEMAND_DETAIL (ID, PRINT_DEMAND_ID, NAME, MEMO, SORT_NO, INSERT_DATE_TIME, INSERT_USER, UPDATE_DATE_TIME, UPDATE_USER, VERSION, DELETED, COMPANY_ID, BRANCH_SHOP_ID)
values(8, 2,'喷会', '喷会', 1, '1-1-1 0:0:0', 1, '1-1-1 0:0:0', 1, 1, 0, 1, 1)
update id_generator set current_value=9 where flag_no='PRINT_DEMAND_DETAIL'

--打印要求明晰详情
insert into PRINT_REQUIRE_DETAIL(ID, PRINT_DEMAND_DETAIL_ID, NAME, MEMO, SORT_NO, INSERT_DATE_TIME, INSERT_USER, UPDATE_DATE_TIME, UPDATE_USER, VERSION, DELETED, COMPANY_ID, BRANCH_SHOP_ID)
values(1, 1, '单面', '单面', 1, '1-1-1 0:0:0', 1, '1-1-1 0:0:0', 1, 1, 0, 1, 1)
insert into PRINT_REQUIRE_DETAIL(ID, PRINT_DEMAND_DETAIL_ID, NAME, MEMO, SORT_NO, INSERT_DATE_TIME, INSERT_USER, UPDATE_DATE_TIME, UPDATE_USER, VERSION, DELETED, COMPANY_ID, BRANCH_SHOP_ID)
values(2, 1, '双面', '双面', 1, '1-1-1 0:0:0', 1, '1-1-1 0:0:0', 1, 1, 0, 1, 1)
insert into PRINT_REQUIRE_DETAIL(ID, PRINT_DEMAND_DETAIL_ID, NAME, MEMO, SORT_NO, INSERT_DATE_TIME, INSERT_USER, UPDATE_DATE_TIME, UPDATE_USER, VERSION, DELETED, COMPANY_ID, BRANCH_SHOP_ID)
values(3, 2, '原文件大小', '原文件大小', 1, '1-1-1 0:0:0', 1, '1-1-1 0:0:0', 1, 1, 0, 1, 1)
insert into PRINT_REQUIRE_DETAIL(ID, PRINT_DEMAND_DETAIL_ID, NAME, MEMO, SORT_NO, INSERT_DATE_TIME, INSERT_USER, UPDATE_DATE_TIME, UPDATE_USER, VERSION, DELETED, COMPANY_ID, BRANCH_SHOP_ID)
values(4, 2, '缩小', '缩小', 1, '1-1-1 0:0:0', 1, '1-1-1 0:0:0', 1, 1, 0, 1, 1)
insert into PRINT_REQUIRE_DETAIL(ID, PRINT_DEMAND_DETAIL_ID, NAME, MEMO, SORT_NO, INSERT_DATE_TIME, INSERT_USER, UPDATE_DATE_TIME, UPDATE_USER, VERSION, DELETED, COMPANY_ID, BRANCH_SHOP_ID)
values(5, 3, '骑马订', '骑马订', 1, '1-1-1 0:0:0', 1, '1-1-1 0:0:0', 1, 1, 0, 1, 1)
insert into PRINT_REQUIRE_DETAIL(ID, PRINT_DEMAND_DETAIL_ID, NAME, MEMO, SORT_NO, INSERT_DATE_TIME, INSERT_USER, UPDATE_DATE_TIME, UPDATE_USER, VERSION, DELETED, COMPANY_ID, BRANCH_SHOP_ID)
values(6, 3, '跨蝴蝶装', '跨蝴蝶装', 1, '1-1-1 0:0:0', 1, '1-1-1 0:0:0', 1, 1, 0, 1, 1)
insert into PRINT_REQUIRE_DETAIL(ID, PRINT_DEMAND_DETAIL_ID, NAME, MEMO, SORT_NO, INSERT_DATE_TIME, INSERT_USER, UPDATE_DATE_TIME, UPDATE_USER, VERSION, DELETED, COMPANY_ID, BRANCH_SHOP_ID)
values(13, 5, 'B1白色', 'B1白色', 1, '1-1-1 0:0:0', 1, '1-1-1 0:0:0', 1, 1, 0, 1, 1)
insert into PRINT_REQUIRE_DETAIL(ID, PRINT_DEMAND_DETAIL_ID, NAME, MEMO, SORT_NO, INSERT_DATE_TIME, INSERT_USER, UPDATE_DATE_TIME, UPDATE_USER, VERSION, DELETED, COMPANY_ID, BRANCH_SHOP_ID)
values(14, 5, 'B2黄色', 'B2黄色', 1, '1-1-1 0:0:0', 1, '1-1-1 0:0:0', 1, 1, 0, 1, 1)
insert into PRINT_REQUIRE_DETAIL(ID, PRINT_DEMAND_DETAIL_ID, NAME, MEMO, SORT_NO, INSERT_DATE_TIME, INSERT_USER, UPDATE_DATE_TIME, UPDATE_USER, VERSION, DELETED, COMPANY_ID, BRANCH_SHOP_ID)
values(15, 5, 'B3黑色', 'B3黑色', 1, '1-1-1 0:0:0', 1, '1-1-1 0:0:0', 1, 1, 0, 1, 1)
insert into PRINT_REQUIRE_DETAIL(ID, PRINT_DEMAND_DETAIL_ID, NAME, MEMO, SORT_NO, INSERT_DATE_TIME, INSERT_USER, UPDATE_DATE_TIME, UPDATE_USER, VERSION, DELETED, COMPANY_ID, BRANCH_SHOP_ID)
values(16, 5, 'B4蓝凤尾', 'B4蓝凤尾', 1, '1-1-1 0:0:0', 1, '1-1-1 0:0:0', 1, 1, 0, 1, 1)
insert into PRINT_REQUIRE_DETAIL(ID, PRINT_DEMAND_DETAIL_ID, NAME, MEMO, SORT_NO, INSERT_DATE_TIME, INSERT_USER, UPDATE_DATE_TIME, UPDATE_USER, VERSION, DELETED, COMPANY_ID, BRANCH_SHOP_ID)
values(17, 5, '彩色皮纹纸', '彩色皮纹纸', 1, '1-1-1 0:0:0', 1, '1-1-1 0:0:0', 1, 1, 0, 1, 1)
insert into PRINT_REQUIRE_DETAIL(ID, PRINT_DEMAND_DETAIL_ID, NAME, MEMO, SORT_NO, INSERT_DATE_TIME, INSERT_USER, UPDATE_DATE_TIME, UPDATE_USER, VERSION, DELETED, COMPANY_ID, BRANCH_SHOP_ID)
values(7, 4, 'A1亚光', 'A1亚光', 1, '1-1-1 0:0:0', 1, '1-1-1 0:0:0', 1, 1, 0, 1, 1)
insert into PRINT_REQUIRE_DETAIL(ID, PRINT_DEMAND_DETAIL_ID, NAME, MEMO, SORT_NO, INSERT_DATE_TIME, INSERT_USER, UPDATE_DATE_TIME, UPDATE_USER, VERSION, DELETED, COMPANY_ID, BRANCH_SHOP_ID)
values(8, 4, 'A2高光', 'A2高光', 1, '1-1-1 0:0:0', 1, '1-1-1 0:0:0', 1, 1, 0, 1, 1)
insert into PRINT_REQUIRE_DETAIL(ID, PRINT_DEMAND_DETAIL_ID, NAME, MEMO, SORT_NO, INSERT_DATE_TIME, INSERT_USER, UPDATE_DATE_TIME, UPDATE_USER, VERSION, DELETED, COMPANY_ID, BRANCH_SHOP_ID)
values(9, 4, 'A3蚕丝', 'A3蚕丝', 1, '1-1-1 0:0:0', 1, '1-1-1 0:0:0', 1, 1, 0, 1, 1)
insert into PRINT_REQUIRE_DETAIL(ID, PRINT_DEMAND_DETAIL_ID, NAME, MEMO, SORT_NO, INSERT_DATE_TIME, INSERT_USER, UPDATE_DATE_TIME, UPDATE_USER, VERSION, DELETED, COMPANY_ID, BRANCH_SHOP_ID)
values(10, 4, 'A4细十字', 'A4细十字', 1, '1-1-1 0:0:0', 1, '1-1-1 0:0:0', 1, 1, 0, 1, 1)
insert into PRINT_REQUIRE_DETAIL(ID, PRINT_DEMAND_DETAIL_ID, NAME, MEMO, SORT_NO, INSERT_DATE_TIME, INSERT_USER, UPDATE_DATE_TIME, UPDATE_USER, VERSION, DELETED, COMPANY_ID, BRANCH_SHOP_ID)
values(11, 4, 'A5钻石', 'A5钻石', 1, '1-1-1 0:0:0', 1, '1-1-1 0:0:0', 1, 1, 0, 1, 1)
insert into PRINT_REQUIRE_DETAIL(ID, PRINT_DEMAND_DETAIL_ID, NAME, MEMO, SORT_NO, INSERT_DATE_TIME, INSERT_USER, UPDATE_DATE_TIME, UPDATE_USER, VERSION, DELETED, COMPANY_ID, BRANCH_SHOP_ID)
values(12, 4, 'A6其他', 'A6其他', 1, '1-1-1 0:0:0', 1, '1-1-1 0:0:0', 1, 1, 0, 1, 1)
insert into PRINT_REQUIRE_DETAIL(ID, PRINT_DEMAND_DETAIL_ID, NAME, MEMO, SORT_NO, INSERT_DATE_TIME, INSERT_USER, UPDATE_DATE_TIME, UPDATE_USER, VERSION, DELETED, COMPANY_ID, BRANCH_SHOP_ID)
values(18, 6, 'C1红色', 'C1红色', 1, '1-1-1 0:0:0', 1, '1-1-1 0:0:0', 1, 1, 0, 1, 1)
insert into PRINT_REQUIRE_DETAIL(ID, PRINT_DEMAND_DETAIL_ID, NAME, MEMO, SORT_NO, INSERT_DATE_TIME, INSERT_USER, UPDATE_DATE_TIME, UPDATE_USER, VERSION, DELETED, COMPANY_ID, BRANCH_SHOP_ID)
values(19, 6, 'C2黄色', 'C2黄色', 1, '1-1-1 0:0:0', 1, '1-1-1 0:0:0', 1, 1, 0, 1, 1)
insert into PRINT_REQUIRE_DETAIL(ID, PRINT_DEMAND_DETAIL_ID, NAME, MEMO, SORT_NO, INSERT_DATE_TIME, INSERT_USER, UPDATE_DATE_TIME, UPDATE_USER, VERSION, DELETED, COMPANY_ID, BRANCH_SHOP_ID)
values(20, 6, 'C3兰色', 'C3兰色', 1, '1-1-1 0:0:0', 1, '1-1-1 0:0:0', 1, 1, 0, 1, 1)
insert into PRINT_REQUIRE_DETAIL(ID, PRINT_DEMAND_DETAIL_ID, NAME, MEMO, SORT_NO, INSERT_DATE_TIME, INSERT_USER, UPDATE_DATE_TIME, UPDATE_USER, VERSION, DELETED, COMPANY_ID, BRANCH_SHOP_ID)
values(21, 6, 'C4其他', 'C4其他', 1, '1-1-1 0:0:0', 1, '1-1-1 0:0:0', 1, 1, 0, 1, 1)
insert into PRINT_REQUIRE_DETAIL(ID, PRINT_DEMAND_DETAIL_ID, NAME, MEMO, SORT_NO, INSERT_DATE_TIME, INSERT_USER, UPDATE_DATE_TIME, UPDATE_USER, VERSION, DELETED, COMPANY_ID, BRANCH_SHOP_ID)
values(22, 7, 'D1居中裱', 'D1居中裱', 1, '1-1-1 0:0:0', 1, '1-1-1 0:0:0', 1, 1, 0, 1, 1)
insert into PRINT_REQUIRE_DETAIL(ID, PRINT_DEMAND_DETAIL_ID, NAME, MEMO, SORT_NO, INSERT_DATE_TIME, INSERT_USER, UPDATE_DATE_TIME, UPDATE_USER, VERSION, DELETED, COMPANY_ID, BRANCH_SHOP_ID)
values(23, 7, 'D2满裱', 'D2满裱', 1, '1-1-1 0:0:0', 1, '1-1-1 0:0:0', 1, 1, 0, 1, 1)
insert into PRINT_REQUIRE_DETAIL(ID, PRINT_DEMAND_DETAIL_ID, NAME, MEMO, SORT_NO, INSERT_DATE_TIME, INSERT_USER, UPDATE_DATE_TIME, UPDATE_USER, VERSION, DELETED, COMPANY_ID, BRANCH_SHOP_ID)
values(24, 7, 'D3不留白边', 'D3不留白边', 1, '1-1-1 0:0:0', 1, '1-1-1 0:0:0', 1, 1, 0, 1, 1)
insert into PRINT_REQUIRE_DETAIL(ID, PRINT_DEMAND_DETAIL_ID, NAME, MEMO, SORT_NO, INSERT_DATE_TIME, INSERT_USER, UPDATE_DATE_TIME, UPDATE_USER, VERSION, DELETED, COMPANY_ID, BRANCH_SHOP_ID)
values(25, 7, 'D4留白边', 'D4留白边', 1, '1-1-1 0:0:0', 1, '1-1-1 0:0:0', 1, 1, 0, 1, 1)
insert into PRINT_REQUIRE_DETAIL(ID, PRINT_DEMAND_DETAIL_ID, NAME, MEMO, SORT_NO, INSERT_DATE_TIME, INSERT_USER, UPDATE_DATE_TIME, UPDATE_USER, VERSION, DELETED, COMPANY_ID, BRANCH_SHOP_ID)
values(26, 8, 'E1粗边条', 'E1粗边条', 1, '1-1-1 0:0:0', 1, '1-1-1 0:0:0', 1, 1, 0, 1, 1)
insert into PRINT_REQUIRE_DETAIL(ID, PRINT_DEMAND_DETAIL_ID, NAME, MEMO, SORT_NO, INSERT_DATE_TIME, INSERT_USER, UPDATE_DATE_TIME, UPDATE_USER, VERSION, DELETED, COMPANY_ID, BRANCH_SHOP_ID)
values(27, 8, 'E2细边条', 'E2细边条', 1, '1-1-1 0:0:0', 1, '1-1-1 0:0:0', 1, 1, 0, 1, 1)
insert into PRINT_REQUIRE_DETAIL(ID, PRINT_DEMAND_DETAIL_ID, NAME, MEMO, SORT_NO, INSERT_DATE_TIME, INSERT_USER, UPDATE_DATE_TIME, UPDATE_USER, VERSION, DELETED, COMPANY_ID, BRANCH_SHOP_ID)
values(28, 8, 'E3挂抽', 'E3挂抽', 1, '1-1-1 0:0:0', 1, '1-1-1 0:0:0', 1, 1, 0, 1, 1)
insert into PRINT_REQUIRE_DETAIL(ID, PRINT_DEMAND_DETAIL_ID, NAME, MEMO, SORT_NO, INSERT_DATE_TIME, INSERT_USER, UPDATE_DATE_TIME, UPDATE_USER, VERSION, DELETED, COMPANY_ID, BRANCH_SHOP_ID)
values(29, 8, 'E4 X展架', 'E4 X展架', 1, '1-1-1 0:0:0', 1, '1-1-1 0:0:0', 1, 1, 0, 1, 1)
insert into PRINT_REQUIRE_DETAIL(ID, PRINT_DEMAND_DETAIL_ID, NAME, MEMO, SORT_NO, INSERT_DATE_TIME, INSERT_USER, UPDATE_DATE_TIME, UPDATE_USER, VERSION, DELETED, COMPANY_ID, BRANCH_SHOP_ID)
values(30, 8, 'E5易拉宝', 'E5易拉宝', 1, '1-1-1 0:0:0', 1, '1-1-1 0:0:0', 1, 1, 0, 1, 1)
update id_generator set current_value=31 where flag_no='PRINT_REQUIRE_DETAIL'
